1668149296,ThanhNhan,0374859238,hue
1668149373,Nhan,0748293847,hue
1668152035,Thanhnhan,0748293048,hue
1668152086,Nhan,0984738472,hue
1668153555,Thanh,0938574839,Hue
1668154589,Thanhnhan,0385948374,Hue
1668154867,Nhan,0395849591,Hue
1668157899,Nhan,0948572949,Hue
1668159336,ThanhNhan,0368593049,Hue
1668320336,Thanhnhan,0375849503,hue
1668320336,Thanhnhan,0375849503,hue
1668320655,Nhan,0748384758,hue
1668389896,Nhan,0384758392,hue
1668413077,Thien,0748593849,Hue
1668413077,Thien,0748593849,Hue
1668414096,Thien,0748593849,Hue
1668414096,Thien,0748593849,Hue